vendor_id,vendor_name,created_date,status
V001,Staples Direct,2024-06-03,Active
V002,Delta Travel,2023-08-08,Active
V003,CloudServe Inc,2023-02-08,Active
V004,Acme Corporation,2023-03-30,Active
V005,OfficeMax Pro,2024-03-20,Active
V006,Summit Consulting,2024-03-04,Active
V007,DataWise LLC,2023-03-13,Active
V008,Metro Equipment,2023-09-04,Active
V009,Bright Marketing,2023-04-03,Active
V010,Keystone Software,2024-07-18,Active
V011,Harbor Freight Supply,2024-03-10,Active
V012,Northline Services,2023-03-02,Active
V013,QuickSupply LLC,2025-06-15,Active
V014,Acme Corp.,2023-05-07,Active
V015,Beacon Travel,2023-08-17,Active
